loss,accuracy,val_loss,val_accuracy
"[0.7878502607345581, 0.5660969614982605, 0.4129478335380554, 0.26092639565467834, 0.1615472435951233, 0.11569196730852127, 0.07952094823122025]","[0.6607434749603271, 0.7694035768508911, 0.8328227400779724, 0.9000204205513, 0.9405637383460999, 0.9587418437004089, 0.9704861044883728]","[0.6450313329696655, 0.6802437901496887, 0.6353185772895813, 0.7885911464691162, 1.0963579416275024, 1.1104122400283813, 1.1843029260635376]","[0.7316666841506958, 0.7124999761581421, 0.75, 0.7366666793823242, 0.73416668176651, 0.7508333325386047, 0.7433333396911621]"
