loss,accuracy,val_loss,val_accuracy
"[0.9812378883361816, 0.8342314958572388, 0.7644609808921814, 0.6847153306007385, 0.5761730670928955, 0.44143950939178467, 0.288806289434433]","[0.5694444179534912, 0.6232638955116272, 0.6573733687400818, 0.701797366142273, 0.7569444179534912, 0.8244485259056091, 0.8890931606292725]","[0.836972177028656, 0.7983277440071106, 0.7736128568649292, 0.9996458888053894, 0.8527980446815491, 0.9873051047325134, 1.3005131483078003]","[0.6575000286102295, 0.6691666841506958, 0.6800000071525574, 0.6449999809265137, 0.6683333516120911, 0.6816666722297668, 0.6650000214576721]"
